"Name","Impressions per 7 days","Uniques per 7 days","Average CPM"
"Mobile interstitial","219198432","7141171","5.8439040184021"
"Non youtube instream","27553568","4169617","6.943552017211914"
"Game","1408887","53949","3.8054964542388916"