"Name","Impressions per 7 days","Uniques per 7 days","Average CPM"
"Mobile interstitial","218325280","7246231","5.8419718742370605"
"Non youtube instream","26397108","4122026","7.006239414215088"
"Game","1447448","64773","4.008458137512207"