"Name","Impressions per 7 days","Uniques per 7 days","Average CPM"
"Mobile interstitial","215474912","7121112","5.985358238220215"
"Non youtube instream","25524016","4014478","6.953273296356201"
"Game","1425417","65280","4.060060501098633"