"Name","Impressions per 7 days","Uniques per 7 days","Average CPM"
"Mobile interstitial","187858880","6833289","6.328832626342773"
"Non youtube instream","21246976","3181276","5.484829902648926"
"Game","1584384","74939","4.435431003570557"