"Name","Impressions per 7 days","Uniques per 7 days","Average CPM"
"Mobile interstitial","187640896","6877023","6.611718654632568"
"Non youtube instream","21644316","3124301","5.7839484214782715"
"Game","1685414","100195","4.769451141357422"