"Name","Impressions per 7 days","Uniques per 7 days","Average CPM"
"Mobile interstitial","157841808","6201305","7.294661045074463"
"Non youtube instream","14920580","2124526","5.101711750030518"
"Game","4974791","555633","10.467634201049805"