"Name","Impressions per 7 days","Uniques per 7 days","Average CPM"
"Mobile interstitial","202020720","6881597","5.942344665527344"
"Non youtube instream","31194890","4968589","5.986948013305664"
"Game","989180","45920","3.6139795780181885"