"Name","Impressions per 7 days","Uniques per 7 days","Average CPM"
"Mobile interstitial","175085472","6690668","6.703638553619385"
"Non youtube instream","16744173","2081030","5.566746711730957"
"Game","2094101","224491","10.194010734558105"