"Name","Impressions per 7 days","Uniques per 7 days","Average CPM"
"Mobile interstitial","166456304","6771026","7.628950119018555"
"Non youtube instream","17244284","2032795","5.1866068840026855"
"Game","2270836","241624","8.244105339050293"
