"Name","Impressions per 7 days","Uniques per 7 days","Average CPM"
"Mobile interstitial","213385648","6946269","6.0182318687438965"
"Non youtube instream","28392940","4291613","6.537968158721924"
"Game","1204768","47635","3.5929179191589355"