"Name","Impressions per 7 days","Uniques per 7 days","Average CPM"
"Mobile interstitial","174848848","6807577","6.723402976989746"
"Non youtube instream","16594954","2230258","5.47356653213501"
"Game","2002597","219233","9.819499969482422"