"Name","Impressions per 7 days","Uniques per 7 days","Average CPM"
"Mobile interstitial","174535520","6817396","6.940989971160889"
"Non youtube instream","18274832","2412768","5.629542827606201"
"Game","1466480","136125","7.731815814971924"