"Name","Impressions per 7 days","Uniques per 7 days","Average CPM"
"Mobile interstitial","198737792","6585882","6.084072589874268"
"Non youtube instream","28653558","4493193","6.302944183349609"
"Game","993937","43120","3.7686777114868164"