"Name","Impressions per 7 days","Uniques per 7 days","Average CPM"
"Mobile interstitial","174455552","6813032","6.6829328536987305"
"Non youtube instream","16921946","2321179","5.485904693603516"
"Game","1744377","203209","9.992510795593262"