"Name","Impressions per 7 days","Uniques per 7 days","Average CPM"
"Mobile interstitial","175277664","6746480","6.6584792137146"
"Non youtube instream","17804864","2488407","5.414639949798584"
"Game","1602436","171561","9.273608207702637"