"Name","Impressions per 7 days","Uniques per 7 days","Average CPM"
"Mobile interstitial","198280864","6818636","6.088433742523193"
"Non youtube instream","29726618","4693327","6.153517246246338"
"Game","960398","45422","3.627716302871704"