"Name","Impressions per 7 days","Uniques per 7 days","Average CPM"
"Mobile interstitial","171972112","6442498","6.7689971923828125"
"Non youtube instream","16533294","1904972","5.7032976150512695"
"Game","2138306","228955","10.508842468261719"