"Name","Impressions per 7 days","Uniques per 7 days","Average CPM"
"Mobile interstitial","199585968","6569464","5.899332523345947"
"Non youtube instream","28983942","4508074","6.2468085289001465"
"Game","946384","43486","3.8159661293029785"