"Name","Impressions per 7 days","Uniques per 7 days","Average CPM"
"Mobile interstitial","204774160","6813673","6.0548930168151855"
"Non youtube instream","28535742","4460184","6.357645511627197"
"Game","1048249","43826","3.550429344177246"