"Name","Impressions per 7 days","Uniques per 7 days","Average CPM"
"Mobile interstitial","206189984","6903758","6.056334018707275"
"Non youtube instream","28393434","4373760","6.404449939727783"
"Game","1119177","45102","3.590547800064087"