"Name","Impressions per 7 days","Uniques per 7 days","Average CPM"
"Mobile interstitial","189577600","6939343","6.7120041847229"
"Non youtube instream","18916990","2481418","6.216462135314941"
"Game","1817465","137634","6.777011394500732"