"Name","Impressions per 7 days","Uniques per 7 days","Average CPM"
"Mobile interstitial","218550080","6970532","5.951471328735352"
"Non youtube instream","27987502","4275135","6.724634170532227"
"Game","1292730","48341","3.684195041656494"