"Name","Impressions per 7 days","Uniques per 7 days","Average CPM"
"Mobile interstitial","175512272","6837944","6.8638153076171875"
"Non youtube instream","17878476","2500801","5.601347923278809"
"Game","1434402","139635","7.997189044952393"