"Name","Impressions per 7 days","Uniques per 7 days","Average CPM"
"Mobile interstitial","189892480","6854118","6.335927486419678"
"Non youtube instream","21528114","3199237","5.558257579803467"
"Game","1609561","82461","4.652597904205322"