"Name","Impressions per 7 days","Uniques per 7 days","Average CPM"
"Mobile interstitial","175477328","6559289","6.659692287445068"
"Non youtube instream","16206310","1796676","5.859907627105713"
"Game","2185056","219514","10.12878704071045"