"Name","Impressions per 7 days","Uniques per 7 days","Average CPM"
"Mobile interstitial","173399984","6816741","6.973968982696533"
"Non youtube instream","18287618","2413035","5.630186557769775"
"Game","1463823","136204","7.747157096862793"