"Name","Impressions per 7 days","Uniques per 7 days","Average CPM"
"Mobile interstitial","191226480","6853760","6.192541122436523"
"Non youtube instream","21830614","3288461","5.553829193115234"
"Game","1534716","69912","4.1959614753723145"