"Name","Impressions per 7 days","Uniques per 7 days","Average CPM"
"Mobile interstitial","185015232","7044158","6.648911952972412"
"Non youtube instream","18098832","2257374","6.110311031341553"
"Game","1889051","164458","8.444351196289062"