"Name","Impressions per 7 days","Uniques per 7 days","Average CPM"
"Mobile interstitial","175188960","6830278","6.738797187805176"
"Non youtube instream","18112778","2591895","5.535507678985596"
"Game","1422055","142810","8.106877326965332"