"Name","Impressions per 7 days","Uniques per 7 days","Average CPM"
"Mobile interstitial","173718112","6747228","6.642354965209961"
"Non youtube instream","17413196","2408803","5.443637847900391"
"Game","1731623","188301","9.481290817260742"