"Name","Impressions per 7 days","Uniques per 7 days","Average CPM"
"Mobile interstitial","165088704","6754588","7.731261730194092"
"Non youtube instream","17775800","2004946","5.729669570922852"
"Game","1880825","198684","8.12888240814209"