"Name","Impressions per 7 days","Uniques per 7 days","Average CPM"
"Mobile interstitial","187857840","6877297","6.613331317901611"
"Non youtube instream","21675784","3124864","5.77702522277832"
"Game","1687027","100216","4.760060787200928"