"Name","Impressions per 7 days","Uniques per 7 days","Average CPM"
"Mobile interstitial","176505952","6908734","6.665585041046143"
"Non youtube instream","18386084","2661253","5.408486366271973"
"Game","1500216","155273","8.652433395385742"