"Name","Impressions per 7 days","Uniques per 7 days","Average CPM"
"Mobile interstitial","220782848","7023593","5.795976161956787"
"Non youtube instream","27835546","4297338","6.8418779373168945"
"Game","1324701","50761","3.736556053161621"