"Name","Impressions per 7 days","Uniques per 7 days","Average CPM"
"Mobile interstitial","224768288","7183430","5.870562553405762"
"Non youtube instream","27246798","4057066","6.966609001159668"
"Game","1413443","60942","3.9622135162353516"