"Name","Impressions per 7 days","Uniques per 7 days","Average CPM"
"Mobile interstitial","169030688","6648208","7.149257183074951"
"Non youtube instream","18556076","2235654","5.881708145141602"
"Game","1466962","132741","7.539891242980957"