"Name","Impressions per 7 days","Uniques per 7 days","Average CPM"
"Mobile interstitial","161858800","6308182","7.315701484680176"
"Non youtube instream","16234513","2288473","4.987380504608154"
"Game","4199564","456415","9.373262405395508"