"Name","Impressions per 7 days","Uniques per 7 days","Average CPM"
"Mobile interstitial","188879296","7042334","6.67079496383667"
"Non youtube instream","18508058","2383031","6.220016956329346"
"Game","1857663","151650","7.422147750854492"