"Name","Impressions per 7 days","Uniques per 7 days","Average CPM"
"Mobile interstitial","217756960","7121836","5.932068347930908"
"Non youtube instream","25523316","4015401","6.9493408203125"
"Game","1424932","65174","4.060533046722412"