"Name","Impressions per 7 days","Uniques per 7 days","Average CPM"
"Mobile interstitial","163998048","6490773","7.478872776031494"
"Non youtube instream","17163170","2247447","4.866626739501953"
"Game","2739001","294110","8.44650936126709"