"Name","Impressions per 7 days","Uniques per 7 days","Average CPM"
"Mobile interstitial","189126304","6921150","6.441738605499268"
"Non youtube instream","21820826","3206497","5.636607646942139"
"Game","1630158","91969","4.655570030212402"