"Name","Impressions per 7 days","Uniques per 7 days","Average CPM"
"Mobile interstitial","222610704","7065839","5.883944034576416"
"Non youtube instream","27126144","4039745","6.997802257537842"
"Game","1412213","56193","3.7925984859466553"